-- 1. 이벤트 데이터를 삽입합니다.
INSERT INTO EVENT (EVENT_NO, NAME, DESCRIPTION, VIEWS, START_DATE, END_DATE, CREATED_AT, UPDATED_AT, STATUS, EVENT_TYPE) 
VALUES (1, '추석 기념 쿠폰 이벤트', '추석을 맞이하여 특별 할인 쿠폰을 제공합니다.', 500, TO_DATE('2024-09-10', 'YYYY-MM-DD'), TO_DATE('2024-09-30', 'YYYY-MM-DD'), SYSDATE, SYSDATE, 'ACTIVE', 'COUPON');

INSERT INTO EVENT (EVENT_NO, NAME, DESCRIPTION, VIEWS, START_DATE, END_DATE, CREATED_AT, UPDATED_AT, STATUS, EVENT_TYPE) 
VALUES (2, '할로윈 배너 이벤트', '할로윈 기간 동안 배너 광고를 통해 특별 혜택을 누리세요.', 1200, TO_DATE('2024-10-01', 'YYYY-MM-DD'), TO_DATE('2024-10-31', 'YYYY-MM-DD'), SYSDATE, SYSDATE, 'SCHEDULED', 'BANNER');

-- 5. 이벤트 데이터 삽입
INSERT INTO EVENT (EVENT_NO, NAME, DESCRIPTION, VIEWS, START_DATE, END_DATE, CREATED_AT, UPDATED_AT, STATUS, EVENT_TYPE) 
VALUES (3, '크리스마스 대박 쿠폰 이벤트', '크리스마스를 맞아 최대 50% 할인 쿠폰을 제공합니다.', 1500, TO_DATE('2024-12-01', 'YYYY-MM-DD'), TO_DATE('2024-12-25', 'YYYY-MM-DD'), SYSDATE, SYSDATE, 'SCHEDULED', 'COUPON');

INSERT INTO EVENT (EVENT_NO, NAME, DESCRIPTION, VIEWS, START_DATE, END_DATE, CREATED_AT, UPDATED_AT, STATUS, EVENT_TYPE) 
VALUES (4, '블랙 프라이데이 배너 이벤트', '블랙 프라이데이 기간 동안 배너를 통해 특별 할인 혜택을 누리세요.', 2500, TO_DATE('2024-11-25', 'YYYY-MM-DD'), TO_DATE('2024-11-30', 'YYYY-MM-DD'), SYSDATE, SYSDATE, 'SCHEDULED', 'BANNER');

INSERT INTO EVENT (EVENT_NO, NAME, DESCRIPTION, VIEWS, START_DATE, END_DATE, CREATED_AT, UPDATED_AT, STATUS, EVENT_TYPE) 
VALUES (5, '새해맞이 쿠폰 이벤트', '2025년을 맞이하여 모든 고객에게 10% 할인 쿠폰을 제공합니다.', 1800, TO_DATE('2025-01-01', 'YYYY-MM-DD'), TO_DATE('2025-01-15', 'YYYY-MM-DD'), SYSDATE, SYSDATE, 'ACTIVE', 'COUPON');

INSERT INTO EVENT (EVENT_NO, NAME, DESCRIPTION, VIEWS, START_DATE, END_DATE, CREATED_AT, UPDATED_AT, STATUS, EVENT_TYPE) 
VALUES (6, '여름 바캉스 배너 이벤트', '여름 휴가 시즌 특별 배너 광고 이벤트', 3200, TO_DATE('2024-07-01', 'YYYY-MM-DD'), TO_DATE('2024-07-31', 'YYYY-MM-DD'), SYSDATE, SYSDATE, 'ACTIVE', 'BANNER');

INSERT INTO EVENT (EVENT_NO, NAME, DESCRIPTION, VIEWS, START_DATE, END_DATE, CREATED_AT, UPDATED_AT, STATUS, EVENT_TYPE) 
VALUES (7, '신학기 특별 할인 이벤트', '신학기 맞이 할인 쿠폰 이벤트', 2400, TO_DATE('2024-08-20', 'YYYY-MM-DD'), TO_DATE('2024-09-10', 'YYYY-MM-DD'), SYSDATE, SYSDATE, 'ACTIVE', 'COUPON');

INSERT INTO EVENT (EVENT_NO, NAME, DESCRIPTION, VIEWS, START_DATE, END_DATE, CREATED_AT, UPDATED_AT, STATUS, EVENT_TYPE) 
VALUES (8, '가정의 달 배너 이벤트', '가정의 달 5월 동안 배너 광고를 통해 특별한 혜택을 누리세요.', 2700, TO_DATE('2024-05-01', 'YYYY-MM-DD'), TO_DATE('2024-05-31', 'YYYY-MM-DD'), SYSDATE, SYSDATE, 'ACTIVE', 'BANNER');

INSERT INTO EVENT (EVENT_NO, NAME, DESCRIPTION, VIEWS, START_DATE, END_DATE, CREATED_AT, UPDATED_AT, STATUS, EVENT_TYPE) 
VALUES (9, '추운 겨울 따뜻한 쿠폰 이벤트', '겨울철 따뜻한 아이템 구매를 위한 30% 할인 쿠폰 이벤트', 2000, TO_DATE('2024-12-01', 'YYYY-MM-DD'), TO_DATE('2024-12-31', 'YYYY-MM-DD'), SYSDATE, SYSDATE, 'SCHEDULED', 'COUPON');

INSERT INTO EVENT (EVENT_NO, NAME, DESCRIPTION, VIEWS, START_DATE, END_DATE, CREATED_AT, UPDATED_AT, STATUS, EVENT_TYPE) 
VALUES (10, '봄맞이 배너 이벤트', '봄 시즌에 맞춰 다양한 배너 광고를 통해 할인 혜택을 누리세요.', 1900, TO_DATE('2024-03-01', 'YYYY-MM-DD'), TO_DATE('2024-03-31', 'YYYY-MM-DD'), SYSDATE, SYSDATE, 'ACTIVE', 'BANNER');

INSERT INTO EVENT (EVENT_NO, NAME, DESCRIPTION, VIEWS, START_DATE, END_DATE, CREATED_AT, UPDATED_AT, STATUS, EVENT_TYPE) 
VALUES (11, '할인 쿠폰 대축제', '여름 맞이 전 제품 15% 할인 쿠폰 이벤트', 3000, TO_DATE('2024-06-01', 'YYYY-MM-DD'), TO_DATE('2024-06-15', 'YYYY-MM-DD'), SYSDATE, SYSDATE, 'ACTIVE', 'COUPON');

INSERT INTO EVENT (EVENT_NO, NAME, DESCRIPTION, VIEWS, START_DATE, END_DATE, CREATED_AT, UPDATED_AT, STATUS, EVENT_TYPE) 
VALUES (12, '가을맞이 배너 이벤트', '가을 시즌 특별 배너 광고 이벤트', 2200, TO_DATE('2024-09-01', 'YYYY-MM-DD'), TO_DATE('2024-09-30', 'YYYY-MM-DD'), SYSDATE, SYSDATE, 'SCHEDULED', 'BANNER');


-- 2. 이벤트 이미지를 삽입합니다.
INSERT INTO EVENT_IMAGE (IMAGE_NO, EVENT_NO, FILE_PATH, FILE_NAME, FILE_SIZE, CREATED_AT, UPDATED_AT)
VALUES (1, 1, '/images/events/', 'chuseok_coupon.jpg', 2048, SYSDATE, SYSDATE);

INSERT INTO EVENT_IMAGE (IMAGE_NO, EVENT_NO, FILE_PATH, FILE_NAME, FILE_SIZE, CREATED_AT, UPDATED_AT)
VALUES (2, 2, '/images/events/', 'halloween_banner.jpg', 4096, SYSDATE, SYSDATE);

-- 5. 이벤트 이미지 삽입
INSERT INTO EVENT_IMAGE (IMAGE_NO, EVENT_NO, FILE_PATH, FILE_NAME, FILE_SIZE, CREATED_AT, UPDATED_AT)
VALUES (3, 3, '/images/events/', 'christmas_coupon.jpg', 2048, SYSDATE, SYSDATE);

INSERT INTO EVENT_IMAGE (IMAGE_NO, EVENT_NO, FILE_PATH, FILE_NAME, FILE_SIZE, CREATED_AT, UPDATED_AT)
VALUES (4, 4, '/images/events/', 'black_friday_banner.jpg', 4096, SYSDATE, SYSDATE);

INSERT INTO EVENT_IMAGE (IMAGE_NO, EVENT_NO, FILE_PATH, FILE_NAME, FILE_SIZE, CREATED_AT, UPDATED_AT)
VALUES (5, 5, '/images/events/', 'newyear_coupon.jpg', 1024, SYSDATE, SYSDATE);

INSERT INTO EVENT_IMAGE (IMAGE_NO, EVENT_NO, FILE_PATH, FILE_NAME, FILE_SIZE, CREATED_AT, UPDATED_AT)
VALUES (6, 6, '/images/events/', 'summer_banner.jpg', 5120, SYSDATE, SYSDATE);

INSERT INTO EVENT_IMAGE (IMAGE_NO, EVENT_NO, FILE_PATH, FILE_NAME, FILE_SIZE, CREATED_AT, UPDATED_AT)
VALUES (7, 7, '/images/events/', 'school_coupon.jpg', 1536, SYSDATE, SYSDATE);

INSERT INTO EVENT_IMAGE (IMAGE_NO, EVENT_NO, FILE_PATH, FILE_NAME, FILE_SIZE, CREATED_AT, UPDATED_AT)
VALUES (8, 8, '/images/events/', 'family_banner.jpg', 3072, SYSDATE, SYSDATE);

INSERT INTO EVENT_IMAGE (IMAGE_NO, EVENT_NO, FILE_PATH, FILE_NAME, FILE_SIZE, CREATED_AT, UPDATED_AT)
VALUES (9, 9, '/images/events/', 'winter_coupon.jpg', 2048, SYSDATE, SYSDATE);

INSERT INTO EVENT_IMAGE (IMAGE_NO, EVENT_NO, FILE_PATH, FILE_NAME, FILE_SIZE, CREATED_AT, UPDATED_AT)
VALUES (10, 10, '/images/events/', 'spring_banner.jpg', 1024, SYSDATE, SYSDATE);

INSERT INTO EVENT_IMAGE (IMAGE_NO, EVENT_NO, FILE_PATH, FILE_NAME, FILE_SIZE, CREATED_AT, UPDATED_AT)
VALUES (11, 11, '/images/events/', 'summer_discount_coupon.jpg', 2048, SYSDATE, SYSDATE);

INSERT INTO EVENT_IMAGE (IMAGE_NO, EVENT_NO, FILE_PATH, FILE_NAME, FILE_SIZE, CREATED_AT, UPDATED_AT)
VALUES (12, 12, '/images/events/', 'fall_banner.jpg', 4096, SYSDATE, SYSDATE);

-- 3. 쿠폰 이벤트 데이터를 삽입합니다.
INSERT INTO COUPON_EVENT (COUPON_EVENT_NO, EVENT_NO, COUPON_CODE, DISCOUNT_AMOUNT, DISCOUNT_PERCENT, EXPIRY_DATE, IMAGE_NO)
VALUES (1, 1, 'CHUSEOK2024', 5000, NULL, TO_DATE('2024-09-30', 'YYYY-MM-DD'), 1);

-- 6. 쿠폰 이벤트 삽입
INSERT INTO COUPON_EVENT (COUPON_EVENT_NO, EVENT_NO, COUPON_CODE, DISCOUNT_AMOUNT, DISCOUNT_PERCENT, EXPIRY_DATE, IMAGE_NO)
VALUES (2, 3, 'CHRISTMAS2024', NULL, 50, TO_DATE('2024-12-25', 'YYYY-MM-DD'), 3);

INSERT INTO COUPON_EVENT (COUPON_EVENT_NO, EVENT_NO, COUPON_CODE, DISCOUNT_AMOUNT, DISCOUNT_PERCENT, EXPIRY_DATE, IMAGE_NO)
VALUES (3, 5, 'NEWYEAR2025', NULL, 10, TO_DATE('2025-01-15', 'YYYY-MM-DD'), 5);

INSERT INTO COUPON_EVENT (COUPON_EVENT_NO, EVENT_NO, COUPON_CODE, DISCOUNT_AMOUNT, DISCOUNT_PERCENT, EXPIRY_DATE, IMAGE_NO)
VALUES (4, 7, 'BACKTOSCHOOL', 5000, NULL, TO_DATE('2024-09-10', 'YYYY-MM-DD'), 7);

INSERT INTO COUPON_EVENT (COUPON_EVENT_NO, EVENT_NO, COUPON_CODE, DISCOUNT_AMOUNT, DISCOUNT_PERCENT, EXPIRY_DATE, IMAGE_NO)
VALUES (5, 9, 'WINTER2024', NULL, 30, TO_DATE('2024-12-31', 'YYYY-MM-DD'), 9);

INSERT INTO COUPON_EVENT (COUPON_EVENT_NO, EVENT_NO, COUPON_CODE, DISCOUNT_AMOUNT, DISCOUNT_PERCENT, EXPIRY_DATE, IMAGE_NO)
VALUES (6, 11, 'SUMMER15', NULL, 15, TO_DATE('2024-06-15', 'YYYY-MM-DD'), 11);


-- 4. 배너 이벤트 데이터를 삽입합니다.
INSERT INTO BANNER_EVENT (BANNER_EVENT_NO, EVENT_NO, IMAGE_NO, LINK_URL, DISPLAY_START_DATE, DISPLAY_END_DATE)
VALUES (1, 2, 2, 'https://halloween-deals.com', TO_DATE('2024-10-01', 'YYYY-MM-DD'), TO_DATE('2024-10-31', 'YYYY-MM-DD'));

-- 7. 배너 이벤트 삽입
INSERT INTO BANNER_EVENT (BANNER_EVENT_NO, EVENT_NO, IMAGE_NO, LINK_URL, DISPLAY_START_DATE, DISPLAY_END_DATE)
VALUES (2, 4, 4, 'https://blackfriday-deals.com', TO_DATE('2024-11-25', 'YYYY-MM-DD'), TO_DATE('2024-11-30', 'YYYY-MM-DD'));

INSERT INTO BANNER_EVENT (BANNER_EVENT_NO, EVENT_NO, IMAGE_NO, LINK_URL, DISPLAY_START_DATE, DISPLAY_END_DATE)
VALUES (3, 6, 6, 'https://summer-vacation.com', TO_DATE('2024-07-01', 'YYYY-MM-DD'), TO_DATE('2024-07-31', 'YYYY-MM-DD'));

INSERT INTO BANNER_EVENT (BANNER_EVENT_NO, EVENT_NO, IMAGE_NO, LINK_URL, DISPLAY_START_DATE, DISPLAY_END_DATE)
VALUES (4, 8, 8, 'https://familyday-specials.com', TO_DATE('2024-05-01', 'YYYY-MM-DD'), TO_DATE('2024-05-31', 'YYYY-MM-DD'));

INSERT INTO BANNER_EVENT (BANNER_EVENT_NO, EVENT_NO, IMAGE_NO, LINK_URL, DISPLAY_START_DATE, DISPLAY_END_DATE)
VALUES (5, 10, 10, 'https://spring-deals.com', TO_DATE('2024-03-01', 'YYYY-MM-DD'), TO_DATE('2024-03-31', 'YYYY-MM-DD'));

INSERT INTO BANNER_EVENT (BANNER_EVENT_NO, EVENT_NO, IMAGE_NO, LINK_URL, DISPLAY_START_DATE, DISPLAY_END_DATE)
VALUES (6, 12, 12, 'https://fall-specials.com', TO_DATE('2024-09-01', 'YYYY-MM-DD'), TO_DATE('2024-09-30', 'YYYY-MM-DD'));

commit;
